BankCode,BankDesc,SncSet,Active,RegisterBillPayment,BillPaymentBankCode,SpecialChannel,IsBillPaymentGFMS
BAAC,ธนาคารเพื่อการเกษตรและสหกรณ์การเกษตร,1,1,1,034,0,0
"BAY ",ธนาคารกรุงศรีอยุธยา จำกัด (มหาชน),1,1,1,025,0,0
BBL,ธนาคารกรุงเทพ จำกัด (มหาชน),1,1,1,002,0,0
CIMB,ธนาคารซีไอเอ็มบี ไทย จำกัด (มหาชน),1,1,1,022,0,0
"CITI ","ธนาคารซิตี้แบงค์ ",0,1,0,017,0,0
CTS,Counter Service,1,1,1,NULL,1,0
"GHB ","ธนาคารอาคารสงเคราะห์ ",0,1,0,033,0,0
GSB,ธนาคารออมสิน,1,1,1,030,0,0
KBANK,ธนาคารกสิกรไทย จำกัด (มหาชน),1,1,1,004,0,0
KTB,ธนาคารกรุงไทย จำกัด (มหาชน),1,1,1,006,0,0
"LH ","ธนาคารแลนด์ แอนด์ เฮ้าส์ จำกัด (มหาชน)   ",0,1,0,073,0,0
mPay,mPay,1,1,1,NULL,1,0
POST,Post,1,1,1,NULL,1,0
PPY,Promtpay,1,1,1,NULL,1,0
SCB,ธนาคารไทยพาณิชย์ จำกัด (มหาชน),1,1,1,014,0,0
TBANK,ธนาคารธนชาต จำกัด (มหาชน),1,1,1,065,0,1
TESCO,Tesco Lotus,1,1,1,NULL,1,0
TEST,อื่นๆ,0,0,0,NULL,0,0
TEST2,อื่นๆ2,0,0,0,NULL,1,0
TISCO,ธนาคารทิสโก้ จำกัด (มหาชน),0,1,0,067,0,0
TMB,ธนาคารทหารไทย จำกัด (มหาชน),1,1,0,011,0,0
TTB,ธนาคารทหารไทยธนชาต จำกัด (มหาชน),1,1,1,011,0,0
"UOB ","ธนาคารยูโอบี จำกัด (มหาชน)  ",0,1,0,024,0,0
WIP,Wipay Wallet,0,1,0,NULL,1,0
