TitleDesc,TitleCodeName,NcbRegistrationType,GenderCode,GenderName,Active,EventId,TitleCode
,000,NULL,0,ไม่ระบุเพศ,1,1,0
นาย,NULL,NULL,0,ไม่ระบุเพศ,1,1,1
นางสาว,NULL,NULL,0,ไม่ระบุเพศ,1,1,2
นาง,NULL,NULL,0,ไม่ระบุเพศ,1,1,3
คุณ,NULL,NULL,0,ไม่ระบุเพศ,1,1,4
บจก.,NULL,NULL,0,ไม่ระบุเพศ,1,1,5
หจก.,NULL,NULL,0,ไม่ระบุเพศ,1,1,6
ร้าน,NULL,NULL,0,ไม่ระบุเพศ,1,1,7
ร.ต.ท,NULL,NULL,0,ไม่ระบุเพศ,1,1,8
ว่าที่ร.ต.,NULL,NULL,0,ไม่ระบุเพศ,1,1,9
ว่าที่รต,NULL,NULL,0,ไม่ระบุเพศ,1,1,10
จ.ส.อ.,NULL,NULL,0,ไม่ระบุเพศ,1,1,11
ว่าที่ ร,NULL,NULL,0,ไม่ระบุเพศ,1,1,12
พ.ต.อ.,NULL,NULL,0,ไม่ระบุเพศ,1,1,13
น.ส.,NULL,NULL,0,ไม่ระบุเพศ,1,1,14
ร.ต.ท.,NULL,NULL,0,ไม่ระบุเพศ,1,1,15
จ.ส.ต.,NULL,NULL,0,ไม่ระบุเพศ,1,1,16
บริษัท,NULL,NULL,0,ไม่ระบุเพศ,1,1,17
พ.อ.อ.,NULL,NULL,0,ไม่ระบุเพศ,1,1,18
ดาบตำรวจหญิง,NULL,NULL,0,ไม่ระบุเพศ,1,1,19
ว่าที่รท,NULL,NULL,0,ไม่ระบุเพศ,1,1,20
ร.ต.ต,NULL,NULL,0,ไม่ระบุเพศ,1,1,21
ว่าที่ร้อยตำรวจตรี,NULL,NULL,0,ไม่ระบุเพศ,1,1,22
พันตำรวจจัตวา,NULL,NULL,0,ไม่ระบุเพศ,1,1,23
Ms.,NULL,NULL,2,หญิง,0,1,24
Mrs.,NULL,NULL,2,หญิง,0,1,25
Mr.,NULL,NULL,1,ชาย,0,1,26
พลจัตวา,NULL,NULL,1,ชาย,1,1,27
