WorkingConditionId,CodeBOT,Description,IsRequireOccupation
1,0787300005,ข้าราชการ,1
2,0787300006,ราชการ และ ลูกจ้างประจำอื่น ๆ ของรัฐบาล,1
3,0787300006,พนักงานราชการ และ ลูกจ้างประจำอื่น ๆ ของรัฐบาล,1
4,0787300011,ลูกจ้างประจำของรัฐวิสาหกิจ และหน่วยงานที่เกี่ยวข้องกับภาครัฐ,1
5,0787300012,ลูกจ้างชั่วคราวของรัฐวิสาหกิจ และหน่วยงานที่เกี่ยวข้องกับภาครัฐ,1
6,0787300015,ลูกจ้างประจำของเอกชน,1
7,0787300016,ลูกจ้างชั่วคราวของเอกชน,1
8,0787300018,นายจ้าง,1
9,0787300019,ผู้ประกอบธุรกิจของตนเอง,1
10,0787300020,สมาชิกของการรวมกลุ่มผู้ผลิต,1
11,0787300021,ผู้ช่วยธุรกิจในครัวเรือน,1
12,0787300022,ผู้มีงานทำอื่น ๆ,1
13,0787300024,ผู้ว่างงาน,0
14,0787300026,ทำงานบ้าน,0
15,0787300027,เรียนหนังสือ,0
16,0787300030,ผู้เกษียณรับบำนาญ,0
17,0787300028,ผู้เกษียณที่ไม่ได้รับบำนาญ,0
18,0787300029,ผู้ที่ไม่อยู่ในกำลังแรงงานอื่น ๆ,0
19,0787300005,ข้าราชการ,1
20,0787300008,ราชการ และ ลูกจ้างประจำอื่น ๆ ของรัฐบาล,1
21,0787300006,พนักงานราชการ และ ลูกจ้างประจำอื่น ๆ ของรัฐบาล,1
22,0787300011,ลูกจ้างประจำของรัฐวิสาหกิจ และหน่วยงานที่เกี่ยวข้องกับภาครัฐ,1
23,0787300012,ลูกจ้างชั่วคราวของรัฐวิสาหกิจ และหน่วยงานที่เกี่ยวข้องกับภาครัฐ,1
24,0787300015,ลูกจ้างประจำของเอกชน,1
25,0787300016,ลูกจ้างชั่วคราวของเอกชน,1
26,0787300018,นายจ้าง,1
27,0787300019,ผู้ประกอบธุรกิจของตนเอง,1
28,0787300020,สมาชิกของการรวมกลุ่มผู้ผลิต,1
29,0787300021,ผู้ช่วยธุรกิจในครัวเรือน,1
30,0787300022,ผู้มีงานทำอื่น ๆ,1
31,0787300024,ผู้ว่างงาน,0
32,0787300026,ทำงานบ้าน,0
33,0787300027,เรียนหนังสือ,0
34,0787300030,ผู้เกษียณรับบำนาญ,0
35,0787300028,ผู้เกษียณที่ไม่ได้รับบำนาญ,0
36,0787300029,ผู้ที่ไม่อยู่ในกำลังแรงงานอื่น ๆ,0
