ProvinceCode,DistrictCode,DistrictDesc
01,10100,ป้อมปราบศัตรูพ่าย
01,10101,สัมพันธวงศ์
01,10110,คลองเตย
01,10111,วัฒนา
01,10120,บางคอแหลม
01,10121,ยานนาวา
01,10122,สาทร
01,10140,ราษฎร์บูรณะ
01,10141,ทุ่งครุ
01,10150,จอมทอง
01,10151,บางบอน
01,10160,ภาษีเจริญ
01,10161,หนองแขม
01,10162,บางแค
01,10170,ตลิ่งชัน
01,10171,ทวีวัฒนา
01,10200,พระนคร
01,10210,ดอนเมือง
01,10211,หลักสี่
01,10220,บางเขน
01,10221,สายไหม
01,10230,คันนายาว
01,10240,บางกะปิ
01,10241,บึงกุ่ม
01,10242,สะพานสูง
01,10250,ประเวศ
01,10251,สวนหลวง
01,10260,พระโขนง
01,10261,บางนา
01,10300,ดุสิต
01,10310,ลาดพร้าว
01,10312,วังทองหลาง
01,10320,ห้วยขวาง
01,10330,ปทุมวัน
01,10400,พญาไท
01,10401,ราชเทวี
01,10402,ดินแดง
01,10500,บางรัก
01,10501,บางขุนเทียน
01,10510,มีนบุรี
01,10511,คลองสามวา
01,10520,ลาดกระบัง
01,10530,หนองจอก
01,10600,บางกอกใหญ่
01,10601,คลองสาน
01,10602,ธนบุรี
01,10700,บางกอกน้อย
01,10701,บางพลัด
01,10800,บางซื่อ
01,10900,จตุจักร
01,99,TEST
02,10130,พระประแดง
02,10270,เมือง
02,10290,พระสมุทรเจดีย์
02,10540,บางพลี
02,10541,บางเสาธง
02,10560,บางบ่อ
03,11000,เมือง
03,11110,บางบัวทอง
03,11120,ปากเกร็ด
03,11130,บางกรวย
03,11140,บางใหญ่
03,11150,ไทรน้อย
04,12000,เมือง
04,12110,ธัญบุรี
04,12120,คลองหลวง
04,12140,ลาดหลุมแก้ว
04,12150,ลำลูกกา
04,12160,สามโคก
04,12170,หนองเสือ
05,13000,เมือง
05,13110,เสนา
05,13120,ผักไห่
05,13130,ท่าเรือ
05,13140,ภาชี
05,13150,มหาราช
05,13160,บางปะอิน
05,13170,วังน้อย
05,13190,บางไทร
05,13210,อุทัย
05,13220,บางปะหัน
05,13230,ลาดบัวหลวง
05,13240,บ้านแพรก
05,13250,บางบาล
05,13260,นครหลวง
05,13270,บางซ้าย
06,14000,เมือง
06,14110,วิเศษชัยชาญ
06,14120,โพธิ์ทอง
06,14130,ป่าโมก
06,14140,ไชโย
06,14150,แสวงหา
06,14160,สามโก้
07,15000,เมือง
07,15110,บ้านหมี่
07,15120,โคกสำโรง
07,15130,ชัยบาดาล
07,15140,พัฒนานิคม
07,15150,ท่าวุ้ง
07,15170,หนองม่วง
07,15190,ลำสนธิ
07,15230,ท่าหลวง
07,15240,สระโบสถ์
07,15250,โคกเจริญ
08,16000,เมือง
08,16110,อินทร์บุรี
08,16120,พรหมบุรี
08,16130,บางระจัน
08,16140,ท่าช้าง
08,16150,ค่ายบางระจัน
09,17000,เมือง
09,17110,มโนรมย์
09,17120,วัดสิงห์
09,17121,หนองมะโมง
09,17130,หันคา
09,17131,เนินขาม
09,17140,สรรคบุรี
09,17150,สรรพยา
10,18000,เมืองสระบุรี
10,18001,เฉลิมพระเกียรติ
10,18110,แก่งคอย
10,18120,พระพุทธบาท
10,18130,บ้านหมอ
10,18140,หนองแค
10,18150,วิหารแดง
10,18160,เสาไห้
10,18170,หนองแซง
10,18180,มวกเหล็ก
10,18190,หนองโดน
10,18210,ดอนพุด
10,18220,วังม่วง
11,20000,เมือง
11,20110,ศรีราชา
11,20120,เกาะสีชัง
11,20140,พนัสนิคม
11,20150,บางละมุง
11,20160,พานทอง
11,20170,บ้านบึง
11,20180,สัตหีบ
11,20190,หนองใหญ่
11,20240,เกาะจันทร์
11,20270,บ่อทอง
12,21000,เมือง
12,21110,แกลง
12,21111,เขาชะเมา
12,21120,บ้านค่าย
12,21130,บ้านฉาง
12,21140,ปลวกแดง
12,21180,นิคมพัฒนา
12,21210,วังจันทร์
13,22000,เมือง
13,22110,ขลุง
13,22120,ท่าใหม่
13,22130,แหลมสิงห์
13,22140,โป่งน้ำร้อน
13,22150,มะขาม
13,22160,แก่งหางแมว
13,22161,นายายอาม
13,22180,สอยดาว
13,22210,เขาคิชฌกูฎ
14,23000,เมือง
14,23001,เกาะกูด
14,23110,คลองใหญ่
14,23120,เกาะช้าง
14,23121,แหลมงอบ
14,23130,เขาสมิง
14,23140,บ่อไร่
15,24000,เมือง
15,24001,คลองเขื่อน
15,24110,บางคล้า
15,24120,พนมสารคาม
15,24121,ราชสาส์น
15,24130,บางปะกง
15,24140,บ้านโพธิ์
15,24150,บางน้ำเปรี้ยว
15,24160,สนามชัยเขต
15,24161,ท่าตะเกียบ
15,24190,แปลงยาว
16,25000,เมือง
16,25110,กบินทร์บุรี
16,25130,ประจันตคาม
16,25140,ศรีมหาโพธิ
16,25150,บ้านสร้าง
16,25190,ศรีมโหสถ
16,25220,นาดี
17,26000,เมือง
17,26110,บ้านนา
17,26120,องครักษ์
17,26130,ปากพลี
18,30000,เมือง
18,30110,พิมาย
18,30120,บัวใหญ่
18,30121,บัวลาย
18,30130,ปากช่อง
18,30140,สีคิ้ว
18,30150,ปักธงชัย
18,30160,โนนสูง
18,30170,สูงเนิน
18,30180,ประทาย
18,30190,โชคชัย
18,30210,ด่านขุนทด
18,30211,เทพารักษ์
18,30220,โนนไทย
18,30221,พระทองคำ
18,30230,จักราช
18,30231,เฉลิมพระเกียรติ
18,30240,ห้วยแถลง
18,30250,ครบุรี
18,30260,คง
18,30270,ชุมพวง
18,30271,เมืองยาง
18,30272,ลำทะเมนชัย
18,30280,ขามทะเลสอ
18,30290,ขามสะแกแสง
18,30330,เสิงสาง
18,30350,บ้านเหลื่อม
18,30360,โนนแดง
18,30370,วังน้ำเขียว
18,30410,หนองบุญมาก
18,30430,สีดา
18,30440,แก้งสนามนาง
19,31000,เมือง
19,31001,ห้วยราช
19,31002,บ้านด่าน
19,31110,นางรอง
19,31111,ชำนิ
19,31112,โนนสุวรรณ
19,31113,เฉลิมพระเกียรติ
19,31120,บ้านใหม่ไชยพจน์
19,31121,พุทไธสง
19,31130,ลำปลายมาศ
19,31140,ประโคนชัย
19,31150,สตึก
19,31151,แคนดง
19,31160,กระสัง
19,31170,ละหานทราย
19,31180,บ้านกรวด
19,31190,คูเมือง
19,31210,หนองกี่
19,31220,ปะคำ
19,31230,นาโพธิ์
19,31240,หนองหงส์
19,31250,พลับพลาชัย
19,31260,โนนดินแดง
20,32000,เมือง
20,32001,เขวาสินรินทร์
20,32110,ศีขรภูมิ
20,32120,ท่าตูม
20,32130,รัตนบุรี
20,32131,โนนนารายณ์
20,32140,ปราสาท
20,32141,พนมดงรัก
20,32150,สังขะ
20,32151,ศรีณรงค์
20,32160,สนม
20,32170,สำโรงทาบ
20,32180,จอมพระ
20,32190,ชุมพลบุรี
20,32210,กาบเชิง
20,32220,ลำดวน
20,32230,บัวเชด
21,33000,เมือง
21,33110,กันทรลักษ์
21,33111,เบญจลักษ์
21,33120,โพธิ์ศรีสุวรรณ
21,33121,เมืองจันทร์
21,33122,อุทุมพรพิสัย
21,33130,กันทรารมย์
21,33131,น้ำเกลี้ยง
21,33140,ขุขันธ์
21,33141,ภูสิงห์
21,33150,ขุนหาญ
21,33160,ราษีไศล
21,33161,ศิลาลาด
21,33170,ปรางค์กู่
21,33180,ไพรบึง
21,33190,ยางชุมน้อย
21,33210,ห้วยทับทัน
21,33220,บึงบูรพ์
21,33230,พยุห์
21,33240,ศรีรัตนะ
21,33250,โนนคูณ
21,33270,วังหิน
22,34000,เมือง
22,34001,เหล่าเสือโก้ก
22,34002,ดอนมดแดง
22,34110,พิบูลมังสาหาร
22,34130,ตระการพืชผล
22,34140,ม่วงสามสิบ
22,34150,เขื่องใน
22,34160,เดชอุดม
22,34161,ทุ่งศรีอุดม
22,34162,นาเยีย
22,34170,เขมราฐ
22,34171,นาตาล
22,34190,วารินชำราบ
22,34191,สว่างวีระวงศ์
22,34220,โขงเจียม
22,34230,บุณฑริก
22,34250,ศรีเมืองใหม่
22,34260,น้ำยืน
22,34261,น้ำขุ่น
22,34270,กุดข้าวปุ้น
22,34280,นาจะหลวย
22,34330,ตาลสุม
22,34340,โพธิ์ไทร
22,34350,สิรินธร
22,34360,สำโรง
23,35000,เมือง
23,35110,คำเขื่อนแก้ว
23,35120,ไทยเจริญ
23,35121,เลิงนกทา
23,35130,มหาชนะชัย
23,35140,กุดชุม
23,35150,ป่าติ้ว
23,35160,ค้อวัง
23,35170,ทรายมูล
24,36000,เมือง
24,36110,ภูเขียว
24,36120,เกษตรสมบูรณ์
24,36130,จัตุรัส
24,36131,เนินสง่า
24,36132,ซับใหญ่
24,36140,คอนสวรรค์
24,36150,แก้งคร้อ
24,36160,บำเหน็จณรงค์
24,36170,บ้านเขว้า
24,36180,คอนสาร
24,36190,บ้านแท่น
24,36210,หนองบัวแดง
24,36230,เทพสถิต
24,36250,หนองบัวระเหว
24,36260,ภักดีชุมพล
25,40000,เมือง
25,40110,บ้านไผ่
25,40111,โนนศิลา
25,40112,บ้านแฮด
25,40120,พล
25,40130,ชุมแพ
25,40140,น้ำพอง
25,40150,ภูเวียง
25,40151,หนองนาคำ
25,40152,เวียงเก่า
25,40160,โคกโพธิ์ไชย
25,40161,มัญจาคีรี
25,40170,กระนวน
25,40171,ซำสูง
25,40180,ชนบท
25,40190,หนองสองห้อง
25,40210,หนองเรือ
25,40220,สีชมพู
25,40230,แวงน้อย
25,40250,อุบลรัตน์
25,40270,บ้านฝาง
25,40280,เขาสวนกวาง
25,40320,พระยืน
25,40330,แวงใหญ่
25,40340,เปือยน้อย
25,40350,ภูผาม่าน
26,41000,เมือง
26,41110,กุมภวาปี
26,41111,ประจักษ์ศิลปาคม
26,41130,กู่แก้ว
26,41131,พิบูลย์รักษ์
26,41132,หนองหาน
26,41150,เพ็ญ
26,41160,บ้านผือ
26,41190,บ้านดุง
26,41210,น้ำโสม
26,41220,หนองวัวซอ
26,41230,ศรีธาตุ
26,41240,โนนสะอาด
26,41250,กุดจับ
26,41260,สร้างคอม
26,41280,วังสามหมอ
26,41290,ไชยวาน
26,41310,ทุ่งฝน
26,41340,หนองแสง
26,41380,นายูง
27,42000,เมือง
27,42110,เชียงคาน
27,42120,ด่านซ้าย
27,42130,วังสะพุง
27,42140,ท่าลี่
27,42150,ปากชม
27,42160,ภูเรือ
27,42170,นาแห้ว
27,42180,ภูกระดึง
27,42190,หนองหิน
27,42210,นาด้วง
27,42220,เอราวัณ
27,42230,ภูหลวง
27,42240,ผาขาว
28,43000,เมือง
28,43100,สระใคร
28,43110,ท่าบ่อ
28,43120,โพนพิสัย
28,43121,รัตนวาปี
28,43122,เฝ้าไร่
28,43130,ศรีเชียงใหม่
28,43131,โพธิ์ตาก
28,43160,สังคม
29,44000,เมือง
29,44110,พยัคฆภูมิพิสัย
29,44120,วาปีปทุม
29,44130,บรบือ
29,44131,กุดรัง
29,44140,โกสุมพิสัย
29,44150,กันทรวิชัย
29,44160,เชียงยืน
29,44161,ชื่นชม
29,44170,นาเชือก
29,44180,นาดูน
29,44190,แกดำ
29,44210,ยางสีสุราช
30,45000,เมือง
30,45001,จังหาร
30,45002,ศรีสมเด็จ
30,45003,เชียงขวัญ
30,45110,โพนทอง
30,45120,เสลภูมิ
30,45130,สุวรรณภูมิ
30,45140,พนมไพร
30,45141,หนองฮี
30,45150,เกษตรวิสัย
30,45160,อาจสามารถ
30,45170,ธวัชบุรี
30,45171,ทุ่งเขาหลวง
30,45180,จตุรพักตรพิมาน
30,45190,ปทุมรัตน์
30,45210,หนองพอก
30,45220,เมืองสรวง
30,45230,โพธิ์ชัย
30,45240,โพนทราย
30,45250,เมยวดี
31,46000,เมือง
31,46001,ดอนจาน
31,46110,กุฉินารายณ์
31,46120,ยางตลาด
31,46130,กมลาไสย
31,46131,ฆ้องชัย
31,46140,สหัสขันธ์
31,46150,สมเด็จ
31,46160,เขาวง
31,46161,นาคู
31,46170,ห้วยเม็ก
31,46180,คำม่วง
31,46181,สามชัย
31,46190,ท่าคันโท
31,46210,ร่องคำ
31,46220,หนองกุงศรี
31,46230,นามน
31,46240,ห้วยผึ้ง
32,47000,เมือง
32,47110,สว่างแดนดิน
32,47120,วานรนิวาส
32,47130,พรรณานิคม
32,47140,บ้านม่วง
32,47150,วาริชภูมิ
32,47160,พังโคน
32,47170,อากาศอำนวย
32,47180,กุดบาก
32,47181,ภูพาน
32,47190,ส่องดาว
32,47210,กุสุมาลย์
32,47230,โพนนาแก้ว
32,47250,คำตากล้า
32,47260,เต่างอย
32,47270,นิคมน้ำอูน
32,47280,โคกศรีสุพรรณ
32,47290,เจริญศิลป์
33,48000,เมือง
33,48110,ธาตุพนม
33,48120,ท่าอุเทน
33,48130,นาแก
33,48131,วังยาง
33,48140,บ้านแพง
33,48141,นาทม
33,48150,ศรีสงคราม
33,48160,ปลาปาก
33,48170,เรณูนคร
33,48180,นาหว้า
33,48190,โพนสวรรค์
34,49000,เมือง
34,49110,คำชะอี
34,49120,ดอนตาล
34,49130,นิคมคำสร้อย
34,49140,ดงหลวง
34,49150,หว้านใหญ่
34,49160,หนองสูง
35,50000,เมือง
35,50110,ฝาง
35,50120,สันป่าตอง
35,50130,แม่ออน
35,50131,สันกำแพง
35,50140,สารภี
35,50150,แม่แตง
35,50160,จอมทอง
35,50161,ดอยหล่อ
35,50170,เชียงดาว
35,50180,แม่ริม
35,50190,พร้าว
35,50210,สันทราย
35,50220,ดอยสะเก็ด
35,50230,หางดง
35,50240,ฮอด
35,50250,สะเมิง
35,50260,ดอยเต่า
35,50270,แม่แจ่ม
35,50280,แม่อาย
35,50310,อมก๋อย
35,50320,ไชยปราการ
35,50350,เวียงแหง
35,50360,แม่วาง
36,51000,เมือง
36,51110,ลี้
36,51120,ป่าซาง
36,51121,เวียงหนองล่อง
36,51130,บ้านโฮ่ง
36,51140,แม่ทา
36,51160,ทุ่งหัวช้าง
36,51180,บ้านธิ
37,52000,เมือง
37,52110,งาว
37,52120,แจ้ห่ม
37,52130,เกาะคา
37,52140,วังเหนือ
37,52150,แม่ทะ
37,52160,เถิน
37,52170,สบปราบ
37,52180,แม่พริก
37,52190,ห้างฉัตร
37,52210,เสริมงาม
37,52220,แม่เมาะ
37,52240,เมืองปาน
38,53000,เมือง
38,53110,น้ำปาด
38,53120,พิชัย
38,53130,ลับแล
38,53140,ตรอน
38,53150,ท่าปลา
38,53160,ฟากท่า
38,53180,บ้านโคก
38,53230,ทองแสนขัน
39,54000,เมือง
39,54110,เด่นชัย
39,54120,สอง
39,54130,สูงเม่น
39,54140,ร้องกวาง
39,54150,ลอง
39,54160,วังชิ้น
39,54170,หนองม่วงไข่
40,55000,เมือง
40,55001,ภูเพียง
40,55110,เวียงสา
40,55120,ปัว
40,55130,ทุ่งช้าง
40,55131,เฉลิมพระเกียรติ
40,55140,ท่าวังผา
40,55150,นาน้อย
40,55160,เชียงกลาง
40,55161,สองแคว
40,55170,แม่จริม
40,55180,นาหมื่น
40,55190,บ้านหลวง
40,55210,สันติสุข
40,55220,บ่อเกลือ
41,56000,เมือง
41,56001,ภูกามยาว
41,56110,เชียงคำ
41,56111,ภูซาง
41,56120,ดอกคำใต้
41,56130,แม่ใจ
41,56140,ปง
41,56150,จุน
41,56160,เชียงม่วน
42,57000,เมือง
42,57110,แม่ฟ้าหลวง
42,57111,ดอยหลวง
42,57112,แม่จัน
42,57120,พาน
42,57130,แม่สาย
42,57140,เชียงของ
42,57150,เชียงแสน
42,57160,เทิง
42,57170,เวียงป่าเป้า
42,57180,แม่สรวย
42,57190,ป่าแดด
42,57210,เวียงชัย
42,57211,เวียงเชียงรุ้ง
42,57250,แม่ลาว
42,57290,พญาเม็งราย
42,57310,เวียงแก่น
42,57340,ขุนตาล
43,58000,เมือง
43,58110,แม่สะเรียง
43,58111,สบเมย
43,58120,แม่ลาน้อย
43,58130,ปาย
43,58140,ขุนยวม
43,58150,ปางมะผ้า
44,60000,เมือง
44,60110,หนองบัว
44,60120,ชุมแสง
44,60130,พยุหะคีรี
44,60140,ตาคลี
44,60150,แม่วงก์
44,60151,ลาดยาว
44,60152,แม่เปิน
44,60153,ชุมตาบง
44,60160,ท่าตะโก
44,60170,โกรกพระ
44,60180,บรรพตพิสัย
44,60190,ตากฟ้า
44,60220,ไพศาลี
44,60230,เก้าเลี้ยว
45,61000,เมือง
45,61110,หนองฉาง
45,61120,ทัพทัน
45,61130,หนองขาหย่าง
45,61140,บ้านไร่
45,61150,สว่างอารมณ์
45,61160,ลานสัก
45,61170,ห้วยคต
46,62000,เมือง
46,62001,โกสัมพีนคร
46,62110,พรานกระต่าย
46,62120,คลองขลุง
46,62121,ปางศิลาทอง
46,62130,ขาณุวรลักษบุรี
46,62150,ไทรงาม
46,62170,ลานกระบือ
46,62180,คลองลาน
46,62190,ทรายทองวัฒนา
46,62210,บึงสามัคคี
47,63000,เมือง
47,63001,วังเจ้า
47,63110,แม่สอด
47,63120,บ้านตาก
47,63130,สามเงา
47,63140,แม่ระมาด
47,63150,ท่าสองยาง
47,63160,พบพระ
47,63170,อุ้มผาง
48,64000,เมือง
48,64110,สวรรคโลก
48,64120,ศรีสำโรง
48,64130,ศรีสัชนาลัย
48,64140,บ้านด่านลานหอย
48,64150,ทุ่งเสลี่ยม
48,64160,คีรีมาศ
48,64170,กงไกรลาศ
48,64180,ศรีนคร
49,65000,เมือง
49,65110,บางกระทุ่ม
49,65120,นครไทย
49,65130,วังทอง
49,65140,บางระกำ
49,65150,พรหมพิราม
49,65160,วัดโบสถ์
49,65170,ชาติตระการ
49,65190,เนินมะปราง
50,66000,เมือง
50,66110,ตะพานหิน
50,66120,บางมูลนาก
50,66130,โพทะเล
50,66131,บึงนาราง
50,66140,สามง่าม
50,66141,วชิรบารมี
50,66150,ทับคล้อ
50,66160,สากเหล็ก
50,66180,วังทรายพูน
50,66190,โพธิ์ประทับช้าง
50,66210,ดงเจริญ
51,67000,เมือง
51,67110,หล่มสัก
51,67120,หล่มเก่า
51,67130,วิเชียรบุรี
51,67140,หนองไผ่
51,67150,ชนแดน
51,67160,บึงสามพัน
51,67170,ศรีเทพ
51,67240,วังโป่ง
51,67260,น้ำหนาว
51,67270,เขาค้อ
52,70000,เมือง
52,70110,บ้านโป่ง
52,70120,โพธาราม
52,70130,ดำเนินสะดวก
52,70140,ปากท่อ
52,70150,จอมบึง
52,70160,บางแพ
52,70170,วัดเพลง
52,70180,สวนผึ้ง
52,70181,บ้านคา
53,71000,เมือง
53,71110,ท่าม่วง
53,71120,ท่ามะกา
53,71140,พนมทวน
53,71150,ไทรโยค
53,71160,บ่อพลอย
53,71170,ห้วยกระเจา
53,71180,ทองผาภูมิ
53,71210,เลาขวัญ
53,71220,หนองปรือ
53,71240,สังขละบุรี
53,71250,ศรีสวัสดิ์
53,71260,ด่านมะขามเตี้ย
54,72000,เมือง
54,72110,สองพี่น้อง
54,72120,เดิมบางนางบวช
54,72130,สามชุก
54,72140,ศรีประจันต์
54,72150,บางปลาม้า
54,72160,อู่ทอง
54,72170,ดอนเจดีย์
54,72180,ด่านช้าง
54,72240,หนองหญ้าไซ
55,73000,เมือง
55,73110,สามพราน
55,73120,นครชัยศรี
55,73130,บางเลน
55,73140,กำแพงแสน
55,73150,ดอนตูม
55,73170,พุทธมณฑล
56,74000,เมือง
56,74110,กระทุ่มแบน
56,74120,บ้านแพ้ว
57,75000,เมือง
57,75110,อัมพวา
57,75120,บางคนที
58,76000,เมือง
58,76110,บ้านแหลม
58,76120,ชะอำ
58,76130,ท่ายาง
58,76140,เขาย้อย
58,76150,บ้านลาด
58,76160,หนองหญ้าปล้อง
58,76170,แก่งกระจาน
59,77000,เมือง
59,77110,หัวหิน
59,77120,ปราณบุรี
59,77130,ทับสะแก
59,77140,บางสะพาน
59,77150,กุยบุรี
59,77170,บางสะพานน้อย
59,77180,สามร้อยยอด
60,80000,เมือง
60,80001,พระพรหม
60,80110,ทุ่งสง
60,80120,สิชล
60,80130,ร่อนพิบูลย์
60,80131,จุฬาภรณ์
60,80140,ปากพนัง
60,80150,ฉวาง
60,80160,ท่าศาลา
60,80161,นบพิตำ
60,80170,หัวไทร
60,80180,ชะอวด
60,80190,เชียรใหญ่
60,80191,เฉลิมพระเกียรติ
60,80210,ขนอม
60,80220,นาบอน
60,80230,ลานสกา
60,80240,ทุ่งใหญ่
60,80250,ช้างกลาง
60,80260,ถ้ำพรรณรา
60,80270,พิปูน
60,80320,พรหมคีรี
60,80360,บางขัน
61,81000,เมือง
61,81110,อ่าวลึก
61,81120,คลองท่อม
61,81121,ลำทับ
61,81130,เหนือคลอง
61,81140,เขาพนม
61,81150,เกาะลันตา
61,81160,ปลายพระยา
62,82000,เมือง
62,82110,ตะกั่วป่า
62,82120,ท้ายเหมือง
62,82130,ตะกั่วทุ่ง
62,82150,คุระบุรี
62,82160,เกาะยาว
62,82170,กะปง
62,82180,ทับปุด
63,83000,เมือง
63,83110,ถลาง
63,83120,กะทู้
64,84000,เมือง
64,84110,ไชยา
64,84120,บ้านนาสาร
64,84130,พุนพิน
64,84140,เกาะสมุย
64,84150,ท่าฉาง
64,84160,กาญจนดิษฐ์
64,84170,ท่าชนะ
64,84180,คีรีรัฐนิคม
64,84181,วิภาวดี
64,84190,เวียงสระ
64,84210,พระแสง
64,84220,ดอนสัก
64,84230,บ้านตาขุน
64,84240,บ้านนาเดิม
64,84250,พนม
64,84260,เคียนซา
64,84280,เกาะพะงัน
64,84350,ชัยบุรี
65,85000,เมือง
65,85110,กระบุรี
65,85120,กะเปอร์
65,85121,สุขสำราญ
65,85130,ละอุ่น
66,86000,เมือง
66,86110,หลังสวน
66,86130,สวี
66,86140,ท่าแซะ
66,86160,ปะทิว
66,86170,ละแม
66,86180,พะโต๊ะ
66,86220,ทุ่งตะโก
67,90000,เมือง
67,90110,หาดใหญ่
67,90111,บางกล่ำ
67,90120,สะเดา
67,90130,จะนะ
67,90140,ระโนด
67,90150,เทพา
67,90160,นาทวี
67,90180,รัตภูมิ
67,90190,สทิงพระ
67,90210,สะบ้าย้อย
67,90220,ควนเนียง
67,90230,คลองหอยโข่ง
67,90270,กระแสสินธุ์
67,90280,สิงหนคร
67,90310,นาหม่อม
68,91000,เมือง
68,91110,ละงู
68,91120,ทุ่งหว้า
68,91130,ควนกาหลง
68,91131,มะนัง
68,91150,ท่าแพ
68,91160,ควนโดน
69,92000,เมือง
69,92110,กันตัง
69,92120,ปะเหลียน
69,92121,หาดสำราญ
69,92130,ห้วยยอด
69,92140,ย่านตาขาว
69,92150,สิเกา
69,92160,รัษฎา
69,92170,นาโยง
69,92220,วังวิเศษ
70,93000,เมือง
70,93001,ศรีนครินทร์
70,93110,ควนขนุน
70,93111,ป่าพะยอม
70,93120,ปากพะยูน
70,93130,เขาชัยสน
70,93140,บางแก้ว
70,93160,ตะโหมด
70,93170,ป่าบอน
70,93180,กงหรา
70,93190,ศรีบรรพต
71,94000,เมือง
71,94110,สายบุรี
71,94120,โคกโพธิ์
71,94130,ปะนาเระ
71,94140,มายอ
71,94141,ทุ่งยางแดง
71,94150,ยะหริ่ง
71,94160,ยะรัง
71,94170,หนองจิก
71,94180,แม่ลาน
71,94220,ไม้แก่น
71,94230,กะพ้อ
72,95000,เมือง
72,95001,กรงปินัง
72,95110,เบตง
72,95120,กาบัง
72,95121,ยะหา
72,95130,บันนังสตา
72,95140,รามัน
72,95150,ธารโต
73,96000,เมือง
73,96110,ตากใบ
73,96120,สุไหงโกลก
73,96130,ระแงะ
73,96131,เจาะไอร้อง
73,96140,สุไหงปาดี
73,96150,รือเสาะ
73,96160,แว้ง
73,96170,บาเจาะ
73,96180,ยี่งอ
73,96190,สุคิริน
73,96210,ศรีสาคร
73,96220,จะแนะ
74,27000,เมือง
74,27001,เขาฉกรรจ์
74,27120,อรัญประเทศ
74,27121,โคกสูง
74,27160,วัฒนานคร
74,27180,ตาพระยา
74,27210,วังน้ำเย็น
74,27250,วังสมบูรณ์
74,27260,คลองหาด
75,37000,เมือง
75,37001,ลืออำนาจ
75,37110,ปทุมราชวงศา
75,37180,พนา
75,37210,ชานุมาน
75,37240,หัวตะพาน
75,37290,เสนางคนิคม
76,39000,เมือง
76,39140,โนนสัง
76,39170,นากลาง
76,39171,นาวัง
76,39180,ศรีบุญเรือง
76,39270,สุวรรณคูหา
77,38210,ศรีวิไล
77,43140,เมือง
77,43141,บุ่งคล้า
77,43150,เซกา
77,43170,โซ่พิสัย
77,43180,พรเจริญ
77,43190,ปากคาด
77,43210,บึงโขงหลง
