ProvinceCode,ProvinceDesc,NcbProvinceCatalogId,NcbProvinceCode
01,กรุงเทพมหานคร,1110001,0010
02,สมุทรปราการ,1110017,0027
03,นนทบุรี,1110009,0019
04,ปทุมธานี,1110008,0018
05,พระนครศรีอยุธยา,1110002,0012
06,อ่างทอง,1110006,0016
07,ลพบุรี,1110003,0013
08,สิงห์บุรี,1110005,0015
09,ชัยนาท,1110004,0014
10,สระบุรี,1110007,0017
11,ชลบุรี,1110010,0020
12,ระยอง,1110014,0024
13,จันทบุรี,1110016,0026
14,ตราด,1110015,0025
15,ฉะเชิงเทรา,1110011,0021
16,ปราจีนบุรี,1110013,0023
17,นครนายก,1110012,0022
18,นครราชสีมา,1110018,0028
19,บุรีรัมย์,1110019,0030
20,สุรินทร์,1110021,0032
21,ศรีสะเกษ,1110022,0033
22,อุบลราชธานี,1110023,0034
23,ยโสธร,1110024,0035
24,ชัยภูมิ,1110025,0036
25,ขอนแก่น,1110020,0031
26,อุดรธานี,1110026,0037
27,เลย,1110045,0059
28,หนองคาย,1110032,0045
29,มหาสารคาม,1110027,0040
30,ร้อยเอ็ด,1110029,0042
31,กาฬสินธุ์,1110028,0041
32,สกลนคร,1110033,0046
33,นครพนม,1110034,0047
34,มุกดาหาร,1110035,0048
35,เชียงใหม่,1110030,0043
36,ลำพูน,1110031,0044
37,ลำปาง,1110036,0049
38,อุตรดิตถ์,1110037,0050
39,แพร่,1110042,0055
40,น่าน,1110038,0051
41,พะเยา,1110047,0061
42,เชียงราย,1110043,0056
43,แม่ฮ่องสอน,1110041,0054
44,นครสวรรค์,1110044,0057
45,อุทัยธานี,1110040,0053
46,กำแพงเพชร,1110039,0052
47,ตาก,1110054,0068
48,สุโขทัย,1110050,0064
49,พิษณุโลก,1110051,0065
50,พิจิตร,1110049,0063
51,เพชรบูรณ์,1110048,0062
52,ราชบุรี,1110046,0060
53,กาญจนบุรี,1110052,0066
54,สุพรรณบุรี,1110053,0067
55,นครปฐม,1110058,0073
56,สมุทรสาคร,1110057,0072
57,สมุทรสงคราม,1110056,0071
58,เพชรบุรี,1110055,0070
59,ประจวบคีรีขันธ์,1110060,0075
60,นครศรีธรรมราช,1110061,0076
61,กระบี่,1110059,0074
62,พังงา,1110062,0077
63,ภูเก็ต,1110063,0080
64,สุราษฎร์ธานี,1110067,0084
65,ระนอง,1110068,0085
66,ชุมพร,1110069,0086
67,สงขลา,1110065,0082
68,สตูล,1110066,0083
69,ตรัง,1110064,0081
70,พัทลุง,1110070,0090
71,ปัตตานี,1110073,0093
72,ยะลา,1110071,0091
73,นราธิวาส,1110072,0092
74,สระแก้ว,1110074,0094
75,อำนาจเจริญ,1110075,0095
76,หนองบัวลำภู,1110076,0096
77,บึงกาฬ,1110079,0097
