OccupationDesc,Remark,Score,BOTCode,TypeOfBusinessId,EmploymentConditions,TypeOfBusinessName,IsOtherOccupation,OccupationCode
รับราชการ,,60,0787400005,10,0787300001,อื่น ๆ,1,1
ทหาร,,50,0787400104,10,0787300001,อื่น ๆ,1,2
ตำรวจ,,50,0787400104,10,0787300001,อื่น ๆ,1,3
รัฐวิสาหกิจ,,70,0787400005,10,0787300001,อื่น ๆ,1,4
พนักงานบริษัท,,60,0787400112,10,0787300001,อื่น ๆ,1,5
ลูกจ้างร้านค้า,,40,0787400112,8,0787300001,บริการอื่น ๆ,1,6
ลูกจ้างสัญญาจ้าง,,50,0787400112,8,0787300001,บริการอื่น ๆ,1,7
รับจ้างทั่วไป,,30,0787400112,10,0787300001,อื่น ๆ,1,8
นักการเมือง สส.,,30,0787400101,10,0787300001,อื่น ๆ,1,9
นายหน้า/ตัวแทน,,40,0787400112,4,NULL,การค้า,0,10
วิชาชีพอิสระ,,40,0787400010,10,0787300001,อื่น ๆ,1,11
รับเหมาก่อสร้าง,,30,0787400112,3,NULL,ก่อสร้าง,0,12
พนักงานสายการผลิต,,40,0787400112,2,NULL,อุตสาหกรรมการผลิต,0,13
ขับ Taxi,,30,0787400112,8,0787300001,บริการอื่น ๆ,1,14
ขับรถส่งนักเรียน,,30,0787400112,8,0787300001,บริการอื่น ๆ,1,15
ขับรถตู้,,30,0787400112,8,0787300001,บริการอื่น ๆ,1,16
มอเตอร์ไซค์รับจ้าง,,30,0787400112,8,0787300001,บริการอื่น ๆ,1,17
ขับรถรับจ้าง,,30,0787400112,8,0787300001,บริการอื่น ๆ,1,18
ขับรถส่งอาหาร,,30,0787400112,8,0787300001,บริการอื่น ๆ,1,19
หาบเร่/แผงลอย,,50,0787400112,10,0787300001,อื่น ๆ,1,20
ขายของตลาดนัด,,50,0787400112,10,0787300001,อื่น ๆ,1,21
ขายของออนไลน์,,40,0787400112,10,0787300001,อื่น ๆ,1,22
นักกฏหมาย/ทนายความ/ นิติกร/ อัยการ/ ผู้พิพากษา,,50,0787400005,10,0787300001,อื่น ๆ,1,23
เกษตรกร,,40,0787400112,1,NULL,เกษตร,0,24
เจ้าของกิจการ,,50,0787400112,8,0787300001,บริการอื่น ๆ,1,25
นัการเมืองท้องถิ่น /สท./อบต./ผู้ใหญ่บ้าน/กำนัน,,60,0787400005,9,NULL,องค์กรไม่แสวงหากำไร,0,26
นักแสดง/ พิธีกร/ นักร้อง/ นักดนตรี/ แดนเซอร์/ นักกีฬา,,40,0787400110,8,0787300001,บริการอื่น ๆ,1,27
แพทย์,,100,0787400010,8,0787300001,บริการอื่น ๆ,1,28
พยาบาล/ เภสัช,,80,0787400112,8,0787300001,บริการอื่น ๆ,1,29
นักบิน/ พนักงานต้อนรับบนเครื่องบิน/ พนักงานต้อนรับภาคพื้นดิน,,90,0787400109,5,NULL,บริการที่เกี่ยวกับการท่องเที่ยว,0,30
วิศวกร/ สถาปนิก/ นักออกแบบ/ มัณฑนากร/ นักคอมพิวเตอร์,,100,0787400010,10,0787300001,อื่น ๆ,1,31
ข้าราชการบำนาญ,,50,0787400005,10,0787300001,อื่น ๆ,1,32
นักบัญชี/ ผู้ตรวจสอบบัญชี,,60,0787400023,6,NULL,บริการทางการเงิน,0,33
แม่บ้าน,,20,0787400112,10,0787300001,อื่น ๆ,1,34
ไม่ประกอบอาชีพ,,0,0787400112,10,0787300001,อื่น ๆ,1,35
อื่นๆ,,0,0787400112,10,NULL,อื่น ๆ,1,36
